Algoritmo;Parametro;Valor;Semilla;Makespan;Upper_Bound;RPD_%;Tiempo_Seg
AG;tam_pobla;20;1;3134;3025;3.60;0.4240
AG;tam_pobla;20;2;3134;3025;3.60;0.4266
AG;tam_pobla;20;3;3135;3025;3.64;0.4261
AG;tam_pobla;20;4;3134;3025;3.60;0.4257
AG;tam_pobla;20;5;3134;3025;3.60;0.4357
AG;tam_pobla;40;1;3082;3025;1.88;0.8663
AG;tam_pobla;40;2;3113;3025;2.91;0.8694
AG;tam_pobla;40;3;3113;3025;2.91;0.8857
AG;tam_pobla;40;4;3128;3025;3.40;0.8535
AG;tam_pobla;40;5;3128;3025;3.40;0.8687
AG;tam_pobla;60;1;3128;3025;3.40;1.2910
AG;tam_pobla;60;2;3120;3025;3.14;1.2968
AG;tam_pobla;60;3;3126;3025;3.34;1.2962
AG;tam_pobla;60;4;3126;3025;3.34;1.3038
AG;tam_pobla;60;5;3105;3025;2.64;1.2823
AG;tam_pobla;100;1;3096;3025;2.35;2.1470
AG;tam_pobla;100;2;3096;3025;2.35;2.1400
AG;tam_pobla;100;3;3128;3025;3.40;2.1390
AG;tam_pobla;100;4;3104;3025;2.61;2.2385
AG;tam_pobla;100;5;3105;3025;2.64;2.1338
AG;prob_c;0.6;1;3105;3025;2.64;1.2440
AG;prob_c;0.6;2;3127;3025;3.37;1.3325
AG;prob_c;0.6;3;3119;3025;3.11;1.2570
AG;prob_c;0.6;4;3114;3025;2.94;1.2502
AG;prob_c;0.6;5;3106;3025;2.68;1.2524
AG;prob_c;0.75;1;3128;3025;3.40;1.3201
AG;prob_c;0.75;2;3105;3025;2.64;1.2969
AG;prob_c;0.75;3;3082;3025;1.88;1.2819
AG;prob_c;0.75;4;3128;3025;3.40;1.2668
AG;prob_c;0.75;5;3105;3025;2.64;1.2771
AG;prob_c;0.85;1;3128;3025;3.40;1.2910
AG;prob_c;0.85;2;3120;3025;3.14;1.2968
AG;prob_c;0.85;3;3126;3025;3.34;1.2962
AG;prob_c;0.85;4;3126;3025;3.34;1.3038
AG;prob_c;0.85;5;3105;3025;2.64;1.2823
AG;prob_c;0.95;1;3128;3025;3.40;1.2922
AG;prob_c;0.95;2;3119;3025;3.11;1.3130
AG;prob_c;0.95;3;3097;3025;2.38;1.3178
AG;prob_c;0.95;4;3128;3025;3.40;1.2985
AG;prob_c;0.95;5;3119;3025;3.11;1.2950
AG;prob_m;0.05;1;3134;3025;3.60;1.2826
AG;prob_m;0.05;2;3135;3025;3.64;1.3077
AG;prob_m;0.05;3;3110;3025;2.81;1.2912
AG;prob_m;0.05;4;3135;3025;3.64;1.2957
AG;prob_m;0.05;5;3134;3025;3.60;1.2885
AG;prob_m;0.1;1;3106;3025;2.68;1.3442
AG;prob_m;0.1;2;3128;3025;3.40;1.3024
AG;prob_m;0.1;3;3134;3025;3.60;1.3233
AG;prob_m;0.1;4;3097;3025;2.38;1.3023
AG;prob_m;0.1;5;3134;3025;3.60;1.2908
AG;prob_m;0.2;1;3128;3025;3.40;1.2910
AG;prob_m;0.2;2;3120;3025;3.14;1.2968
AG;prob_m;0.2;3;3126;3025;3.34;1.2962
AG;prob_m;0.2;4;3126;3025;3.34;1.3038
AG;prob_m;0.2;5;3105;3025;2.64;1.2823
AG;prob_m;0.4;1;3105;3025;2.64;1.2926
AG;prob_m;0.4;2;3132;3025;3.54;1.3361
AG;prob_m;0.4;3;3096;3025;2.35;1.3291
AG;prob_m;0.4;4;3096;3025;2.35;1.3790
AG;prob_m;0.4;5;3119;3025;3.11;1.2995
AG;k_torneo;2;1;3127;3025;3.37;1.2907
AG;k_torneo;2;2;3128;3025;3.40;1.2997
AG;k_torneo;2;3;3119;3025;3.11;1.2829
AG;k_torneo;2;4;3131;3025;3.50;1.3489
AG;k_torneo;2;5;3128;3025;3.40;1.4456
AG;k_torneo;3;1;3128;3025;3.40;1.2910
AG;k_torneo;3;2;3120;3025;3.14;1.2968
AG;k_torneo;3;3;3126;3025;3.34;1.2962
AG;k_torneo;3;4;3126;3025;3.34;1.3038
AG;k_torneo;3;5;3105;3025;2.64;1.2823
AG;k_torneo;4;1;3119;3025;3.11;1.3223
AG;k_torneo;4;2;3120;3025;3.14;1.3136
AG;k_torneo;4;3;3099;3025;2.45;1.3242
AG;k_torneo;4;4;3098;3025;2.41;1.3147
AG;k_torneo;4;5;3123;3025;3.24;1.3045
AG;k_torneo;6;1;3119;3025;3.11;1.3348
AG;k_torneo;6;2;3126;3025;3.34;1.3089
AG;k_torneo;6;3;3128;3025;3.40;1.3146
AG;k_torneo;6;4;3114;3025;2.94;1.3337
AG;k_torneo;6;5;3096;3025;2.35;1.3039
Memetico;tam_pobla;20;1;3040;3025;0.50;2.8509
Memetico;tam_pobla;20;2;3044;3025;0.63;2.2256
Memetico;tam_pobla;20;3;3037;3025;0.40;2.6139
Memetico;tam_pobla;20;4;3066;3025;1.36;4.2110
Memetico;tam_pobla;20;5;3037;3025;0.40;3.5622
Memetico;tam_pobla;40;1;3037;3025;0.40;3.0883
Memetico;tam_pobla;40;2;3040;3025;0.50;3.6027
Memetico;tam_pobla;40;3;3034;3025;0.30;2.3920
Memetico;tam_pobla;40;4;3034;3025;0.30;3.8498
Memetico;tam_pobla;40;5;3034;3025;0.30;4.5877
Memetico;tam_pobla;60;1;3034;3025;0.30;3.7343
Memetico;tam_pobla;60;2;3046;3025;0.69;7.4562
Memetico;tam_pobla;60;3;3034;3025;0.30;3.8684
Memetico;tam_pobla;60;4;3044;3025;0.63;4.1551
Memetico;tam_pobla;60;5;3037;3025;0.40;4.7335
Memetico;tam_pobla;100;1;3034;3025;0.30;6.6264
Memetico;tam_pobla;100;2;3055;3025;0.99;4.9652
Memetico;tam_pobla;100;3;3059;3025;1.12;3.8858
Memetico;tam_pobla;100;4;3035;3025;0.33;6.8400
Memetico;tam_pobla;100;5;3034;3025;0.30;5.1406
Memetico;prob_c;0.6;1;3034;3025;0.30;4.2896
Memetico;prob_c;0.6;2;3034;3025;0.30;4.4731
Memetico;prob_c;0.6;3;3043;3025;0.60;5.2286
Memetico;prob_c;0.6;4;3034;3025;0.30;4.5218
Memetico;prob_c;0.6;5;3046;3025;0.69;3.7124
Memetico;prob_c;0.75;1;3054;3025;0.96;2.9694
Memetico;prob_c;0.75;2;3062;3025;1.22;4.0811
Memetico;prob_c;0.75;3;3034;3025;0.30;4.2613
Memetico;prob_c;0.75;4;3034;3025;0.30;4.9534
Memetico;prob_c;0.75;5;3046;3025;0.69;3.7605
Memetico;prob_c;0.85;1;3034;3025;0.30;3.7343
Memetico;prob_c;0.85;2;3046;3025;0.69;7.4562
Memetico;prob_c;0.85;3;3034;3025;0.30;3.8684
Memetico;prob_c;0.85;4;3044;3025;0.63;4.1551
Memetico;prob_c;0.85;5;3037;3025;0.40;4.7335
Memetico;prob_c;0.95;1;3079;3025;1.79;3.2206
Memetico;prob_c;0.95;2;3052;3025;0.89;5.7939
Memetico;prob_c;0.95;3;3043;3025;0.60;5.6729
Memetico;prob_c;0.95;4;3067;3025;1.39;4.6395
Memetico;prob_c;0.95;5;3046;3025;0.69;5.0764
Memetico;prob_m;0.05;1;3079;3025;1.79;3.6478
Memetico;prob_m;0.05;2;3050;3025;0.83;3.7356
Memetico;prob_m;0.05;3;3040;3025;0.50;3.5660
Memetico;prob_m;0.05;4;3036;3025;0.36;5.2561
Memetico;prob_m;0.05;5;3063;3025;1.26;6.5177
Memetico;prob_m;0.1;1;3034;3025;0.30;4.7175
Memetico;prob_m;0.1;2;3041;3025;0.53;4.5612
Memetico;prob_m;0.1;3;3085;3025;1.98;2.9753
Memetico;prob_m;0.1;4;3046;3025;0.69;5.4205
Memetico;prob_m;0.1;5;3048;3025;0.76;4.0605
Memetico;prob_m;0.2;1;3034;3025;0.30;3.7343
Memetico;prob_m;0.2;2;3046;3025;0.69;7.4562
Memetico;prob_m;0.2;3;3034;3025;0.30;3.8684
Memetico;prob_m;0.2;4;3044;3025;0.63;4.1551
Memetico;prob_m;0.2;5;3037;3025;0.40;4.7335
Memetico;prob_m;0.4;1;3039;3025;0.46;10.1538
Memetico;prob_m;0.4;2;3034;3025;0.30;3.4578
Memetico;prob_m;0.4;3;3043;3025;0.60;6.4336
Memetico;prob_m;0.4;4;3039;3025;0.46;3.6689
Memetico;prob_m;0.4;5;3044;3025;0.63;7.4227
Memetico;k_torneo;2;1;3066;3025;1.36;4.0217
Memetico;k_torneo;2;2;3034;3025;0.30;6.2218
Memetico;k_torneo;2;3;3034;3025;0.30;4.1007
Memetico;k_torneo;2;4;3044;3025;0.63;5.8954
Memetico;k_torneo;2;5;3034;3025;0.30;6.7329
Memetico;k_torneo;3;1;3034;3025;0.30;3.7343
Memetico;k_torneo;3;2;3046;3025;0.69;7.4562
Memetico;k_torneo;3;3;3034;3025;0.30;3.8684
Memetico;k_torneo;3;4;3044;3025;0.63;4.1551
Memetico;k_torneo;3;5;3037;3025;0.40;4.7335
Memetico;k_torneo;4;1;3046;3025;0.69;2.8455
Memetico;k_torneo;4;2;3038;3025;0.43;4.4196
Memetico;k_torneo;4;3;3039;3025;0.46;7.5172
Memetico;k_torneo;4;4;3103;3025;2.58;4.0561
Memetico;k_torneo;4;5;3051;3025;0.86;3.9513
Memetico;k_torneo;6;1;3044;3025;0.63;3.7261
Memetico;k_torneo;6;2;3074;3025;1.62;4.7771
Memetico;k_torneo;6;3;3056;3025;1.02;4.4535
Memetico;k_torneo;6;4;3037;3025;0.40;3.6890
Memetico;k_torneo;6;5;3071;3025;1.52;2.2671
